timestamp,82873_mb,83187_mb,83600_mb
2025-06-04 10:18:09,1588.66,1609.75,1769.22
2025-06-04 10:18:15,1588.66,1609.75,1769.22
2025-06-04 10:18:20,3116.02,1609.75,1769.22
2025-06-04 10:18:25,3117.64,1609.75,1769.22
2025-06-04 10:18:30,4644.86,1609.75,1769.22
2025-06-04 10:18:35,4646.41,1609.75,1769.22
2025-06-04 10:18:41,4649.2,1609.75,1769.22
2025-06-04 10:18:46,4649.2,1609.75,1769.22
2025-06-04 10:18:51,5543.14,1593.12,1704.44
2025-06-04 10:18:56,6169.2,1593.12,1704.44
2025-06-04 10:19:02,6169.16,1593.12,1704.44
2025-06-04 10:19:07,6169.94,1593.12,1704.44
2025-06-04 10:19:12,6169.94,1593.12,1704.44
2025-06-04 10:19:17,6171.48,1593.12,1704.44
2025-06-04 10:19:22,6175.55,1593.12,1704.44
2025-06-04 10:19:28,6177.48,1593.12,1704.44
2025-06-04 10:19:33,6178.58,1593.12,1704.44
2025-06-04 10:19:38,6186.81,1593.12,1704.44
2025-06-04 10:19:43,6186.84,1593.12,1704.44
2025-06-04 10:19:48,6186.73,1593.12,1704.44
2025-06-04 10:19:54,6193.38,1593.12,1704.44
2025-06-04 10:19:59,6194.05,1593.12,1704.44
2025-06-04 10:20:04,6218.02,1593.12,1704.44
2025-06-04 10:20:09,6223.58,1593.12,1704.44
2025-06-04 10:20:14,4714.47,1593.12,1704.44
2025-06-04 10:20:20,4715.53,1593.12,1704.44
2025-06-04 10:20:25,4716.12,1593.12,1704.45
2025-06-04 10:20:30,4740.58,1593.12,1704.45
2025-06-04 10:20:35,4742.66,1593.12,1704.45
2025-06-04 10:20:40,4803.86,1593.12,1704.45
2025-06-04 10:20:46,4803.86,1593.12,1704.45
2025-06-04 10:20:51,4813.39,1593.12,1704.45
2025-06-04 10:20:56,5047.19,1593.12,1704.45
2025-06-04 10:21:01,5047.27,1593.12,1704.45
2025-06-04 10:21:06,3523.19,1593.12,1704.45
2025-06-04 10:21:12,3523.19,1593.12,1704.45
2025-06-04 10:21:17,3523.19,1593.12,1704.45
2025-06-04 10:21:22,3523.19,1593.12,1704.45
2025-06-04 10:21:27,3523.19,1593.12,1704.45
2025-06-04 10:21:33,3523.19,1593.12,1704.45
2025-06-04 10:21:38,3523.19,1593.12,1704.45
2025-06-04 10:21:43,3523.19,1593.12,1704.45
2025-06-04 10:21:48,3523.08,1593.12,1704.45
2025-06-04 10:21:53,3523.08,1593.12,1704.45
2025-06-04 10:21:59,3523.08,1593.12,1704.45
2025-06-04 10:22:04,3523.08,1593.12,1704.45
2025-06-04 10:22:09,3523.17,1593.12,1704.45
2025-06-04 10:22:14,3523.17,1593.12,1704.45
2025-06-04 10:22:19,3523.08,1593.12,1704.45
2025-06-04 10:22:25,3523.08,1593.12,1704.45
2025-06-04 10:22:30,3523.08,1593.12,1704.45
2025-06-04 10:22:35,3523.08,1593.12,1704.45
2025-06-04 10:22:40,3523.17,1593.12,3231.89
2025-06-04 10:22:45,3523.17,1593.12,3234.27
2025-06-04 10:22:51,3523.08,1584.55,4149.19
2025-06-04 10:22:56,3523.08,1584.55,4150.66
2025-06-04 10:23:01,3523.08,1581.39,4759.58
2025-06-04 10:23:06,3523.08,1581.39,4761.39
2025-06-04 10:23:11,3523.17,1581.39,4763.69
2025-06-04 10:23:17,3523.09,1581.39,4765
2025-06-04 10:23:22,3523.08,1581.39,4768.06
2025-06-04 10:23:27,3523.08,1581.39,4770.11
2025-06-04 10:23:32,3523.08,1581.39,4772.94
2025-06-04 10:23:37,3523.17,1581.39,4776.59
2025-06-04 10:23:43,3523.17,1581.39,4776.95
2025-06-04 10:23:48,3523.08,1581.39,4780.12
2025-06-04 10:23:53,3523.08,1581.39,4780.12
2025-06-04 10:23:58,3523.08,1581.39,4787.62
2025-06-04 10:24:04,3523.08,1581.39,4789.75
2025-06-04 10:24:09,3523.17,1581.39,4790.09
2025-06-04 10:24:14,3523.17,1581.39,4791.25
2025-06-04 10:24:19,3523.08,1581.39,4791.52
2025-06-04 10:24:24,3523.08,1581.39,4798.22
2025-06-04 10:24:30,3523.08,1581.39,4801.66
2025-06-04 10:24:35,3523.08,1581.39,4802.72
2025-06-04 10:24:40,3523.17,1581.39,4815.81
2025-06-04 10:24:45,3523.17,1581.39,4816.05
2025-06-04 10:24:50,3523.08,1581.39,4815.16
2025-06-04 10:24:56,3523.08,1581.39,4850.78
2025-06-04 10:25:01,3523.08,1581.39,4855.44
2025-06-04 10:25:06,3523.08,1581.39,4855.44
2025-06-04 10:25:11,3523.17,1581.39,3301.88
2025-06-04 10:25:16,3523.17,1581.39,3346.95
2025-06-04 10:25:22,3523.08,1581.39,3350.36
2025-06-04 10:25:27,3523.08,1581.39,3366.28
2025-06-04 10:25:32,3523.08,1581.39,3366.28
2025-06-04 10:25:37,3523.17,1581.39,3366.28
2025-06-04 10:25:42,3523.17,1581.39,3372.86
2025-06-04 10:25:48,3523.09,1581.39,3373.34
2025-06-04 10:25:53,3523.08,1581.39,3383.75
2025-06-04 10:25:58,3523.08,1581.39,3383.75
2025-06-04 10:26:03,3523.08,1581.39,3383.75
2025-06-04 10:26:08,3523.17,1581.39,3383.75
2025-06-04 10:26:14,3523.17,1581.39,3383.75
2025-06-04 10:26:19,3523.08,1581.39,3383.75
2025-06-04 10:26:24,3523.08,1581.39,3383.75
2025-06-04 10:26:29,3523.08,1581.39,3383.75
2025-06-04 10:26:34,3523.08,1581.39,3383.75
2025-06-04 10:26:40,3523.17,1581.39,3383.75
2025-06-04 10:26:45,3523.17,1581.39,3383.75
2025-06-04 10:26:50,3523.08,1581.39,3383.75
2025-06-04 10:26:55,3523.08,1581.39,3383.75
2025-06-04 10:27:01,3523.08,1581.39,3352.75
2025-06-04 10:27:06,3523.08,1581.39,3352.75
2025-06-04 10:27:11,3523.17,1581.39,3351.97
2025-06-04 10:27:16,3523.17,1581.39,3352.11
2025-06-04 10:27:21,3523.08,1581.39,3352.56
2025-06-04 10:27:27,3523.08,1581.39,3352.47
2025-06-04 10:27:32,3523.08,1581.39,3351.94
2025-06-04 10:27:37,3523.17,1581.39,3353.75
2025-06-04 10:27:42,3523.17,1581.39,3353.75
2025-06-04 10:27:47,3523.09,1581.39,3305.64
2025-06-04 10:27:53,3523.08,1581.39,3356.7
2025-06-04 10:27:58,3523.08,1581.39,3356.7
2025-06-04 10:28:03,3523.08,1581.39,3356.7
2025-06-04 10:28:08,3523.17,1581.39,3367.16
2025-06-04 10:28:13,3523.17,1581.39,3367.23
2025-06-04 10:28:19,3523.08,1581.39,3367.5
2025-06-04 10:28:24,3523.08,1581.39,3349.89
2025-06-04 10:28:29,3523.08,1581.39,3355.06
2025-06-04 10:28:34,3523.08,1581.39,3367.12
2025-06-04 10:28:39,3523.17,1581.39,3370.06
2025-06-04 10:28:45,3523.17,1581.39,3378.38
2025-06-04 10:28:50,3523.08,1581.39,3381.31
2025-06-04 10:28:55,3523.08,1581.39,3375
2025-06-04 10:29:00,3523.08,1581.39,3378
2025-06-04 10:29:05,3523.08,1581.39,3380.72
2025-06-04 10:29:11,3523.17,1581.39,3383.23
2025-06-04 10:29:16,3523.17,1581.39,3385.75
2025-06-04 10:29:21,3523.08,1581.39,3388.19
2025-06-04 10:29:26,3523.08,1581.39,3377.78
2025-06-04 10:29:31,3523.08,1581.39,3381.61
2025-06-04 10:29:37,3523.08,1581.39,3395.45
2025-06-04 10:29:42,3523.17,1581.39,3397.77
2025-06-04 10:29:47,3523.09,1581.39,3400
2025-06-04 10:29:52,3523.08,1581.39,3394.61
2025-06-04 10:29:57,3523.08,1581.39,3394.66
2025-06-04 10:30:03,3523.08,1581.39,3394.73
2025-06-04 10:30:08,3523.17,1581.39,3394.83
2025-06-04 10:30:13,3523.17,1581.39,3399.47
2025-06-04 10:30:18,3523.08,1581.39,3401.16
2025-06-04 10:30:23,3523.08,1581.39,3402.8
2025-06-04 10:30:29,3523.08,1581.39,3404.59
2025-06-04 10:30:34,3523.08,1581.39,3399.3
2025-06-04 10:30:39,3523.17,1581.39,3408.88
2025-06-04 10:30:44,3523.17,1581.39,3410.62
2025-06-04 10:30:49,3523.08,1581.39,3412.36
2025-06-04 10:30:55,3523.08,1581.39,3414.08
2025-06-04 10:31:00,3523.08,1581.39,3416.27
2025-06-04 10:31:05,3523.08,1581.39,3417.56
2025-06-04 10:31:10,3523.17,1581.39,3419.12
2025-06-04 10:31:16,3523.17,1581.39,3420.81
2025-06-04 10:31:21,3523.08,1581.39,3427.94
2025-06-04 10:31:26,3523.08,1581.39,3407.39
2025-06-04 10:31:31,3523.08,1581.39,3409.41
2025-06-04 10:31:36,3523.08,1581.39,3411.39
2025-06-04 10:31:42,3523.17,1581.39,3413.47
2025-06-04 10:31:47,3523.09,1581.39,3414.41
2025-06-04 10:31:52,3523.08,1581.39,3416.39
2025-06-04 10:31:57,3523.08,1581.39,3417.41
2025-06-04 10:32:02,3523.08,1581.39,3423.62
2025-06-04 10:32:08,3523.17,1581.39,3423.67
2025-06-04 10:32:13,3523.17,1581.39,3425.2
2025-06-04 10:32:18,3523.08,1581.39,3424.95
2025-06-04 10:32:23,3523.08,1581.39,3426.23
2025-06-04 10:32:28,3523.08,1581.39,3427.86
2025-06-04 10:32:34,3523.08,1581.39,3429.48
2025-06-04 10:32:39,3512.33,1581.39,3430.91
2025-06-04 10:32:44,3512.33,1581.39,3432.45
2025-06-04 10:32:49,3512.23,1581.39,3433.97
2025-06-04 10:32:55,3512.23,1581.39,3435.5
2025-06-04 10:33:00,3511.81,1581.28,3436.77
2025-06-04 10:33:05,3511.81,1581.28,3438.2
2025-06-04 10:33:10,3511.91,1581.28,3439.67
2025-06-04 10:33:15,3511.91,1581.28,3441.06
2025-06-04 10:33:21,3511.81,1581.28,3442.56
2025-06-04 10:33:26,3511.81,1581.28,3444.06
2025-06-04 10:33:31,3511.81,1581.28,3439.83
2025-06-04 10:33:36,3511.81,1581.28,3439.83
2025-06-04 10:33:41,3511.91,1581.28,3439.92
2025-06-04 10:33:47,3511.83,1581.28,3441.75
2025-06-04 10:33:52,3511.81,1581.28,3442.75
2025-06-04 10:33:57,3511.81,1581.28,3444.73
2025-06-04 10:34:02,3511.81,1581.28,3445.75
2025-06-04 10:34:08,3511.91,1581.28,3446.75
2025-06-04 10:34:13,3511.91,1581.28,3448.75
2025-06-04 10:34:18,3511.81,1581.28,3449.75
2025-06-04 10:34:23,3511.81,1581.28,3450.75
2025-06-04 10:34:28,3511.81,1581.28,3451.75
2025-06-04 10:34:34,3511.81,1581.28,3452.75
2025-06-04 10:34:39,3511.91,1581.28,3453.75
2025-06-04 10:34:44,3511.91,1581.28,3454.75
2025-06-04 10:34:49,3511.81,1581.28,3455.75
2025-06-04 10:34:55,3511.81,1581.28,3457.81
2025-06-04 10:35:00,3511.81,1581.28,3458.8
2025-06-04 10:35:05,3511.81,1581.28,3459.75
2025-06-04 10:35:10,3511.91,1581.28,3460.75
2025-06-04 10:35:15,3511.91,1581.28,3461.75
2025-06-04 10:35:21,3511.81,1581.28,3462.75
2025-06-04 10:35:26,3511.81,1581.28,3463.75
2025-06-04 10:35:31,3511.81,1581.28,3458.73
2025-06-04 10:35:36,3511.81,1581.28,3458.91
2025-06-04 10:35:41,3511.91,1581.28,3459.27
2025-06-04 10:35:47,3511.83,1581.28,3460.36
2025-06-04 10:35:52,3511.81,1581.28,3461.61
2025-06-04 10:35:57,3511.81,1581.28,3462.78
2025-06-04 10:36:02,3511.81,1581.28,3463.94
2025-06-04 10:36:08,3511.91,1581.28,3464.95
2025-06-04 10:36:13,3511.91,1581.28,3466.11
2025-06-04 10:36:18,3511.81,1581.28,3467.27
2025-06-04 10:36:23,3511.81,1581.28,3467.48
2025-06-04 10:36:28,3511.81,1581.28,3469.58
2025-06-04 10:36:34,3511.81,1581.28,3470.7
2025-06-04 10:36:39,3511.91,1581.28,3471.83
2025-06-04 10:36:44,3511.91,1581.28,3472.94
2025-06-04 10:36:49,3511.81,1581.28,3474.05
2025-06-04 10:36:55,3511.81,1581.28,3475.16
2025-06-04 10:37:00,3511.81,1581.28,3476.23
2025-06-04 10:37:05,3511.78,1581.28,3477.28
2025-06-04 10:37:10,3511.88,1581.28,3478.06
2025-06-04 10:37:16,3511.88,1581.28,3478.84
2025-06-04 10:37:21,3511.78,1581.28,3479.73
2025-06-04 10:37:26,3511.78,1581.28,3480.56
2025-06-04 10:37:31,3511.78,1581.28,3481.27
2025-06-04 10:37:37,3509.25,1581.28,3482.05
2025-06-04 10:37:42,3509.31,1581.28,3482.66
2025-06-04 10:37:47,3509.23,1581.28,3482.83
2025-06-04 10:37:52,3509.22,1581.28,3483.02
2025-06-04 10:37:57,3509.22,1581.28,3483.22
2025-06-04 10:38:03,3509.22,1581.28,3482.39
2025-06-04 10:38:08,3509.31,1581.28,3482.39
2025-06-04 10:38:13,3509.31,1581.28,3482.39
2025-06-04 10:38:18,3509.22,1581.28,3482.39
2025-06-04 10:38:24,3509.22,1581.28,3482.39
2025-06-04 10:38:29,3509.22,1581.28,3482.39
2025-06-04 10:38:34,3509.22,1581.28,3481.61
2025-06-04 10:38:39,3509.31,1581.28,3481.77
2025-06-04 10:38:45,3509.31,1581.28,3481.92
2025-06-04 10:38:50,3509.22,1581.28,3482.09
2025-06-04 10:38:55,3509.22,1581.28,3482.27
2025-06-04 10:39:00,3509.22,1581.28,3481.48
2025-06-04 10:39:05,3509.22,1581.28,3481.67
2025-06-04 10:39:11,3509.31,1581.28,3481.84
2025-06-04 10:39:16,3509.31,1581.28,3482
2025-06-04 10:39:21,3509.22,1581.28,3482.19
2025-06-04 10:39:26,3509.22,1581.28,3482.36
2025-06-04 10:39:32,3509.22,1581.28,3481.59
2025-06-04 10:39:37,3509.31,1581.28,3481.78
2025-06-04 10:39:42,3509.31,1581.28,3481.97
2025-06-04 10:39:47,3509.23,1581.28,3482.16
2025-06-04 10:39:53,3509.22,1581.28,3482.34
2025-06-04 10:39:58,3509.22,1581.28,3481.62
2025-06-04 10:40:03,3509.22,1581.28,3481.84
2025-06-04 10:40:08,3509.31,1581.28,3482.03
2025-06-04 10:40:13,3509.31,1581.28,3482.22
2025-06-04 10:40:19,3509.22,1581.28,3481.47
2025-06-04 10:40:24,3509.22,1581.28,3481.67
2025-06-04 10:40:29,3509.22,1581.28,3481.86
2025-06-04 10:40:34,3509.22,1581.28,3482.05
2025-06-04 10:40:40,3509.31,1581.28,3482.23
2025-06-04 10:40:45,3509.31,1581.28,3481.52
2025-06-04 10:40:50,3509.22,1581.28,3481.73
2025-06-04 10:40:55,3509.22,1581.28,3481.95
2025-06-04 10:41:00,3509.22,1581.28,3482.17
2025-06-04 10:41:06,3509.22,1581.28,3482.36
2025-06-04 10:41:11,3509.31,1581.28,3481.59
2025-06-04 10:41:16,3509.31,1581.28,3481.78
2025-06-04 10:41:21,3509.22,1581.28,3481.98
2025-06-04 10:41:27,3509.22,1581.28,3482.17
2025-06-04 10:41:32,3509.22,1581.28,3482.36
2025-06-04 10:41:37,3509.31,1581.28,3481.61
2025-06-04 10:41:42,3509.31,1581.28,3481.8
2025-06-04 10:41:47,3509.23,1581.28,3481.98
2025-06-04 10:41:53,3509.22,1581.28,3482.2
2025-06-04 10:41:58,3509.22,1581.28,3481.45
2025-06-04 10:42:03,3509.22,1581.28,3481.69
2025-06-04 10:42:08,3509.31,1581.28,3481.89
2025-06-04 10:42:14,3509.31,1581.28,3482.11
2025-06-04 10:42:19,3509.22,1581.28,3482.33
2025-06-04 10:42:24,3509.22,1581.28,3481.59
2025-06-04 10:42:29,3509.22,1581.28,3481.8
2025-06-04 10:42:34,3509.22,1581.28,3482.02
2025-06-04 10:42:40,3507.31,1581.28,3482.22
2025-06-04 10:42:45,3507.31,1581.28,3481.5
2025-06-04 10:42:50,3507.22,1581.28,3481.73
2025-06-04 10:42:55,3507.22,1581.28,3481.95
2025-06-04 10:43:01,3507.22,1581.28,3482.19
2025-06-04 10:43:06,3507.22,1581.28,3482.38
2025-06-04 10:43:11,3507.31,1581.28,3481.66
2025-06-04 10:43:16,3507.31,1581.28,3481.91
2025-06-04 10:43:21,3507.22,1581.28,3482.11
2025-06-04 10:43:27,3507.22,1581.28,3482.34
2025-06-04 10:43:32,3507.22,1581.28,3481.62
2025-06-04 10:43:37,3507.31,1581.28,3481.86
2025-06-04 10:43:42,3507.31,1581.28,3482.05
2025-06-04 10:43:48,3507.23,1581.28,3482.27
2025-06-04 10:43:53,3507.22,1581.28,3481.58
2025-06-04 10:43:58,3507.22,1581.28,3481.86
2025-06-04 10:44:03,3507.22,1581.28,3482.09
2025-06-04 10:44:08,3507.31,1581.28,3482.36
2025-06-04 10:44:14,3507.31,1581.28,3481.7
2025-06-04 10:44:19,3507.22,1581.28,3481.94
2025-06-04 10:44:24,3507.22,1581.28,3482.22
2025-06-04 10:44:29,3507.22,1581.28,3481.53
2025-06-04 10:44:35,3507.22,1581.28,3481.77
2025-06-04 10:44:40,3507.31,1581.28,3482.03
2025-06-04 10:44:45,3507.31,1581.28,3482.34
2025-06-04 10:44:50,3507.22,1581.28,3481.7
2025-06-04 10:44:55,3507.22,1581.28,3482.03
2025-06-04 10:45:01,3507.22,1581.28,3482.34
2025-06-04 10:45:06,3507.22,1581.28,3481.72
2025-06-04 10:45:11,3507.31,1581.28,3482.03
2025-06-04 10:45:16,3507.31,1581.28,3482.36
2025-06-04 10:45:22,3507.22,1581.28,3481.73
2025-06-04 10:45:27,3507.22,1581.28,3482.06
2025-06-04 10:45:32,3507.22,1581.28,3482.39
2025-06-04 10:45:37,3507.31,1581.28,3481.77
2025-06-04 10:45:42,3507.31,1581.28,3482.11
2025-06-04 10:45:48,3507.23,1581.28,3481.48
2025-06-04 10:45:53,3507.22,1581.28,3481.83
2025-06-04 10:45:58,3507.22,1581.28,3482.16
2025-06-04 10:46:03,3507.22,1581.28,3481.55
2025-06-04 10:46:09,3507.31,1581.28,3481.88
2025-06-04 10:46:14,3507.31,1581.28,3482.22
2025-06-04 10:46:19,3507.22,1581.28,3481.61
2025-06-04 10:46:24,3507.22,1581.28,3481.94
2025-06-04 10:46:29,3507.22,1581.28,3482.28
2025-06-04 10:46:35,3507.22,1581.28,3481.69
2025-06-04 10:46:40,3507.31,1581.28,3482.02
2025-06-04 10:46:45,3507.31,1581.28,3482.38
2025-06-04 10:46:50,3507.22,1581.28,3481.77
2025-06-04 10:46:55,3507.22,1581.28,3482.11
2025-06-04 10:47:01,3507.22,1581.28,3481.52
2025-06-04 10:47:06,3507.22,1581.28,3481.86
2025-06-04 10:47:11,3507.31,1581.28,3482.22
2025-06-04 10:47:16,3507.31,1581.28,3481.62
2025-06-04 10:47:22,3507.22,1581.28,3481.98
2025-06-04 10:47:27,3507.22,1581.28,3482.33
2025-06-04 10:47:32,3502.47,1581.28,3481.73
2025-06-04 10:47:37,3502.56,1581.28,3482.09
2025-06-04 10:47:42,3502.56,1581.28,3481.5
2025-06-04 10:47:48,3502.48,1581.28,3481.84
2025-06-04 10:47:53,3502.02,1581.28,3482.2
2025-06-04 10:47:58,3502.02,1581.28,3481.62
2025-06-04 10:48:03,3502.02,1581.28,3481.95
2025-06-04 10:48:09,3502.11,1581.28,3482.3
2025-06-04 10:48:14,3502.11,1581.28,3481.72
2025-06-04 10:48:19,3502.02,1581.28,3482.09
2025-06-04 10:48:24,3502.02,1581.28,3481.52
2025-06-04 10:48:29,3502.02,1581.28,3481.89
2025-06-04 10:48:35,3502.02,1581.28,3482.27
2025-06-04 10:48:40,3502.11,1581.28,3481.69
2025-06-04 10:48:45,3502.11,1581.28,3482.08
2025-06-04 10:48:50,3502.02,1581.28,3481.52
2025-06-04 10:48:56,3502.02,1581.28,3481.91
2025-06-04 10:49:01,3502.02,1581.28,3482.28
2025-06-04 10:49:06,3502.02,1581.28,3481.72
2025-06-04 10:49:11,3502.11,1581.28,3482.12
2025-06-04 10:49:16,3502.11,1581.28,3481.58
2025-06-04 10:49:22,3502.02,1581.28,3481.95
2025-06-04 10:49:27,3502.02,1581.28,3482.36
2025-06-04 10:49:32,3502.02,1581.28,3481.81
2025-06-04 10:49:37,3502.11,1581.28,3482.22
2025-06-04 10:49:43,3502.11,1581.28,3481.69
2025-06-04 10:49:48,3502.03,1581.28,3482.09
2025-06-04 10:49:53,3502.02,1581.28,3481.56
2025-06-04 10:49:58,3502.02,1581.28,3481.97
2025-06-04 10:50:03,3502.02,1581.28,3481.45
2025-06-04 10:50:09,3502.11,1581.28,3481.88
2025-06-04 10:50:14,3502.11,1581.28,3482.3
2025-06-04 10:50:19,3502.02,1581.28,3481.78
2025-06-04 10:50:24,3502.02,1581.28,3482.22
2025-06-04 10:50:29,3502.02,1581.28,3481.69
2025-06-04 10:50:35,3502.02,1581.28,3482.12
2025-06-04 10:50:40,3502.11,1581.28,3481.62
2025-06-04 10:50:45,3502.11,1581.28,3482.05
2025-06-04 10:50:50,3502.02,1581.28,3481.55
2025-06-04 10:50:56,3502.02,1581.28,3481.97
2025-06-04 10:51:01,3502.02,1581.28,3481.47
2025-06-04 10:51:06,3502.02,1581.28,3481.92
2025-06-04 10:51:11,3502.11,1581.28,3482.38
2025-06-04 10:51:16,3502.11,1581.28,3481.89
2025-06-04 10:51:22,3502.02,1581.28,3482.34
2025-06-04 10:51:27,3502.02,1581.28,3481.88
2025-06-04 10:51:32,5003.08,1581.28,3482.33
2025-06-04 10:51:37,4997.11,1581.28,3481.83
2025-06-04 10:51:42,4996.91,1581.28,3482.28
2025-06-04 10:51:48,1943.3,1581.28,3481.8
2025-06-04 10:51:53,1943.3,1581.28,3482.25
2025-06-04 10:51:58,1943.3,1581.28,3481.78
2025-06-04 10:52:03,1943.3,1581.28,3482.25
2025-06-04 10:52:09,1943.3,1581.28,3481.8
2025-06-04 10:52:14,1943.3,1581.28,3482.28
2025-06-04 10:52:19,1943.3,1581.28,3481.83
2025-06-04 10:52:24,1943.3,1581.28,3482.33
2025-06-04 10:52:29,1943.2,1581.28,3481.89
2025-06-04 10:52:35,1943.2,1581.28,3482.39
2025-06-04 10:52:40,1943.2,1581.28,3481.95
2025-06-04 10:52:45,1943.2,1581.28,3481.52
2025-06-04 10:52:50,1943.3,1581.28,3482.05
2025-06-04 10:52:55,1943.3,1581.28,3481.62
2025-06-04 10:53:01,1943.2,1581.28,3482.16
2025-06-04 10:53:06,1943.2,1581.28,3481.73
2025-06-04 10:53:11,1943.2,1581.28,3482.27
2025-06-04 10:53:16,1943.2,1581.28,3481.86
2025-06-04 10:53:22,1943.3,1581.28,81.6406
2025-06-04 10:53:27,1943.3,1581.28,3481.91
2025-06-04 10:53:32,1943.2,1581.28,3481.47
2025-06-04 10:53:37,1943.2,1581.28,3481.97
2025-06-04 10:53:42,1943.2,1581.28,3481.55
2025-06-04 10:53:48,1943.3,1581.28,81.6406
2025-06-04 10:53:53,1943.3,1581.28,3481.66
2025-06-04 10:53:58,1943.22,1581.28,3482.22
2025-06-04 10:54:03,1943.2,1581.28,3481.83
2025-06-04 10:54:08,1943.2,1581.28,3482.39
2025-06-04 10:54:14,1943.2,1581.28,3482.02
2025-06-04 10:54:19,1943.3,1581.28,81.6406
2025-06-04 10:54:24,1943.3,1581.28,3482.16
2025-06-04 10:54:29,1943.2,1581.28,3481.81
2025-06-04 10:54:35,1943.2,1581.28,3481.5
2025-06-04 10:54:40,1943.2,1581.28,3482.14
2025-06-04 10:54:45,1943.2,1581.28,3481.84
2025-06-04 10:54:50,1943.3,1581.28,3481.55
2025-06-04 10:54:55,1943.3,1581.28,81.6406
2025-06-04 10:55:01,1943.2,1581.28,3481.92
2025-06-04 10:55:06,1943.2,1581.28,3481.66
2025-06-04 10:55:11,1943.2,1581.28,3482.31
2025-06-04 10:55:16,1943.2,1581.28,3482.02
2025-06-04 10:55:21,1943.3,1581.28,3481.69
2025-06-04 10:55:27,1943.3,1581.28,3481.48
2025-06-04 10:55:32,1943.2,1581.28,3482.22
2025-06-04 10:55:37,1943.2,1581.28,3482.05
2025-06-04 10:55:42,1943.2,1581.28,3481.89
2025-06-04 10:55:47,1943.3,1581.28,81.6406
2025-06-04 10:55:53,1943.3,1581.28,3481.56
2025-06-04 10:55:58,1943.22,1581.28,3482.39
2025-06-04 10:56:03,1943.2,1581.28,3482.28
2025-06-04 10:56:08,1943.2,1581.28,3482.19
2025-06-04 10:56:13,1943.2,1581.28,3482.12
2025-06-04 10:56:19,1943.3,1581.28,3482.08
2025-06-04 10:56:24,1943.3,1581.28,3482.06
2025-06-04 10:56:29,1943.2,1581.28,3482.06
2025-06-04 10:56:34,1943.2,1581.28,3482.09
2025-06-04 10:56:39,1943.2,1581.28,3482.14
2025-06-04 10:56:45,1943.2,1581.28,3482.22
2025-06-04 10:56:50,1943.3,1581.28,3482.16
2025-06-04 10:56:55,1943.3,1581.28,3481.97
2025-06-04 10:57:01,1943.2,1581.28,3481.92
2025-06-04 10:57:06,1943.2,1581.28,3482.08
2025-06-04 10:57:11,1943.2,1581.28,3482.2
2025-06-04 10:57:16,1943.2,1581.28,3482.39
2025-06-04 10:57:21,1943.3,1581.28,3481.8
2025-06-04 10:57:27,1943.3,1581.28,3482.16
2025-06-04 10:57:32,1943.2,1581.28,3481.53
2025-06-04 10:57:37,1943.2,1581.28,3481.97
2025-06-04 10:57:42,1943.2,1581.28,3481.62
2025-06-04 10:57:48,1943.3,1581.28,3481.45
2025-06-04 10:57:53,1943.3,1581.28,3481.45
2025-06-04 10:57:58,1943.22,1581.28,3481.72
2025-06-04 10:58:03,1943.2,1581.28,3482.22
2025-06-04 10:58:08,1943.2,1581.28,3482.2
2025-06-04 10:58:14,1943.2,1581.28,3481.81
2025-06-04 10:58:19,1943.3,1581.28,3483.39
2025-06-04 10:58:24,1943.3,1581.28,3483.39
2025-06-04 10:58:29,1943.2,1581.28,1776.23
2025-06-04 10:58:34,1943.2,1581.28,1776.23
2025-06-04 10:58:40,1943.2,1581.28,1776.23
2025-06-04 10:58:45,1943.2,1581.28,1776.23
2025-06-04 10:58:50,1943.3,1581.28,1776.23
2025-06-04 10:58:55,1943.3,1581.28,1776.23
2025-06-04 10:59:01,1943.2,1581.28,1776.23
2025-06-04 10:59:06,1943.2,1581.28,1776.23
2025-06-04 10:59:11,1943.2,1581.28,1776.23
2025-06-04 10:59:16,1943.2,1581.28,1776.23
2025-06-04 10:59:21,1943.3,1581.28,1776.23
2025-06-04 10:59:27,1943.3,1581.28,1776.23
2025-06-04 10:59:32,1943.2,1581.28,1776.23
2025-06-04 10:59:37,1943.2,1581.28,1776.23
2025-06-04 10:59:42,1943.2,1581.28,1776.23
2025-06-04 10:59:48,1943.3,1581.28,1776.23
2025-06-04 10:59:53,1943.3,1581.28,1776.23
2025-06-04 10:59:58,1943.22,1581.28,1776.23
2025-06-04 11:00:03,1943.2,1581.28,1776.23
2025-06-04 11:00:09,1943.2,1581.28,1776.23
2025-06-04 11:00:14,1943.2,1581.28,246.719
2025-06-04 11:00:19,1943.3,1581.28,246.719
2025-06-04 11:00:24,1943.3,1581.28,246.719
2025-06-04 11:00:29,1943.2,1581.28,246.719
2025-06-04 11:00:35,1943.2,1581.28,246.719
2025-06-04 11:00:40,1943.2,1581.28,246.719
2025-06-04 11:00:45,1943.2,1581.28,246.719
2025-06-04 11:00:50,1943.3,1581.28,246.719
2025-06-04 11:00:55,1943.3,1581.28,246.719
2025-06-04 11:01:01,1943.2,1581.28,246.719
2025-06-04 11:01:06,1943.2,1581.28,246.719
2025-06-04 11:01:11,1943.2,1581.28,246.719
2025-06-04 11:01:16,1943.2,1581.28,246.719
2025-06-04 11:01:22,1943.3,1581.28,246.719
2025-06-04 11:01:27,1943.3,1581.28,246.719
2025-06-04 11:01:32,1943.2,1581.28,246.719
2025-06-04 11:01:37,1943.2,1581.28,246.719
2025-06-04 11:01:43,1943.2,1581.28,246.719
2025-06-04 11:01:48,1943.3,1581.28,246.719
2025-06-04 11:01:53,1943.3,1581.28,246.719
2025-06-04 11:01:58,1943.22,1581.28,246.719
2025-06-04 11:02:03,1943.2,1581.28,246.984
2025-06-04 11:02:09,1943.2,1581.28,246.984
2025-06-04 11:02:14,1943.2,1581.28,246.984
2025-06-04 11:02:19,1943.3,1581.28,246.984
2025-06-04 11:02:24,1943.3,1581.28,246.984
2025-06-04 11:02:30,1943.2,1581.28,246.984
2025-06-04 11:02:35,1943.2,1581.28,246.984
2025-06-04 11:02:40,1943.2,1581.28,246.984
2025-06-04 11:02:45,1943.2,1581.28,246.984
2025-06-04 11:02:50,1943.3,1581.28,246.984
2025-06-04 11:02:56,1943.3,1581.28,246.984
2025-06-04 11:03:01,1943.2,1581.28,246.984
2025-06-04 11:03:06,1943.2,1581.28,246.984
2025-06-04 11:03:11,1943.2,1581.28,246.984
2025-06-04 11:03:17,1943.2,1581.28,246.984
2025-06-04 11:03:22,1943.3,1581.28,246.984
2025-06-04 11:03:27,1943.3,1581.28,246.984
2025-06-04 11:03:32,1943.2,1581.28,246.984
2025-06-04 11:03:37,1943.2,1581.28,246.984
2025-06-04 11:03:43,1943.2,1581.28,246.984
2025-06-04 11:03:48,1943.3,1581.28,246.984
2025-06-04 11:03:53,1943.3,1581.28,246.984
2025-06-04 11:03:58,1943.22,1581.28,246.984
2025-06-04 11:04:04,1943.2,1581.28,246.984
2025-06-04 11:04:09,1943.2,1581.28,246.984
2025-06-04 11:04:14,1943.2,1581.28,246.984
2025-06-04 11:04:19,1943.3,1581.28,246.984
2025-06-04 11:04:24,1943.3,1581.28,246.984
2025-06-04 11:04:30,1943.2,1581.28,246.984
2025-06-04 11:04:35,1943.2,1581.28,246.984
2025-06-04 11:04:40,1943.2,1581.28,246.984
2025-06-04 11:04:45,1943.2,1581.28,246.984
2025-06-04 11:04:50,1943.3,3108.52,246.984
2025-06-04 11:04:56,1943.3,3110.31,246.984
2025-06-04 11:05:01,1943.2,3123.31,246.984
2025-06-04 11:05:06,1943.2,3124.75,246.984
2025-06-04 11:05:11,1943.2,3132.92,246.984
2025-06-04 11:05:17,1943.2,4660.78,246.984
2025-06-04 11:05:22,1943.3,4662.81,246.984
2025-06-04 11:05:27,1943.3,4666.22,246.984
2025-06-04 11:05:32,1943.2,4666.23,246.984
2025-06-04 11:05:37,1943.2,4670.83,246.984
2025-06-04 11:05:43,1943.2,4670.83,246.984
2025-06-04 11:05:48,1943.3,3148.34,246.984
2025-06-04 11:05:53,1943.3,3148.38,246.984
2025-06-04 11:05:58,1943.22,3154.56,246.984
2025-06-04 11:06:03,1943.2,3154.56,246.984
2025-06-04 11:06:09,1943.2,3154.56,246.984
2025-06-04 11:06:14,1943.2,3164.23,246.984
2025-06-04 11:06:19,1943.3,3164.23,246.984
2025-06-04 11:06:24,1943.3,3173.17,246.984
2025-06-04 11:06:30,1943.2,3176.3,246.984
2025-06-04 11:06:35,1943.2,3187.36,246.984
2025-06-04 11:06:40,1943.2,3187.36,246.984
2025-06-04 11:06:45,1943.2,3187.95,246.984
2025-06-04 11:06:50,1943.3,3211.61,246.984
2025-06-04 11:06:56,1943.3,3211.61,246.984
2025-06-04 11:07:01,1943.2,1693.33,246.984
2025-06-04 11:07:06,1943.2,1714.56,246.984
2025-06-04 11:07:11,1943.2,1714.56,246.984
2025-06-04 11:07:16,1943.2,1714.56,246.984
2025-06-04 11:07:22,1943.3,1714.56,246.984
2025-06-04 11:07:27,1943.3,1714.56,246.984
2025-06-04 11:07:32,1943.2,1714.56,246.984
2025-06-04 11:07:37,1943.2,1729.16,246.984
2025-06-04 11:07:42,1943.2,1731.58,246.984
2025-06-04 11:07:48,1943.3,1734.03,246.984
2025-06-04 11:07:53,1943.3,1781.36,246.984
2025-06-04 11:07:58,1943.22,1784.22,246.984
2025-06-04 11:08:03,1943.2,1786.86,246.984
2025-06-04 11:08:08,1943.2,1789.42,246.984
2025-06-04 11:08:14,1943.2,1791.84,246.984
2025-06-04 11:08:19,1943.3,1794.14,246.984
2025-06-04 11:08:24,1943.3,1809.38,246.984
2025-06-04 11:08:29,1943.2,1813.94,246.984
2025-06-04 11:08:35,1943.2,1845.38,246.984
2025-06-04 11:08:40,1943.2,1845.86,246.984
2025-06-04 11:08:45,1943.2,1845.86,246.984
2025-06-04 11:08:50,1943.3,1845.86,246.984
2025-06-04 11:08:55,1943.3,1845.86,246.984
2025-06-04 11:09:01,1943.2,1845.86,246.984
2025-06-04 11:09:06,1943.2,1845.86,246.984
2025-06-04 11:09:11,1943.2,1845.86,246.984
2025-06-04 11:09:16,1943.2,1845.86,246.984
2025-06-04 11:09:21,1943.3,1845.86,246.984
2025-06-04 11:09:27,1943.3,1845.86,246.984
2025-06-04 11:09:32,1943.2,1845.86,246.984
2025-06-04 11:09:37,1943.2,1845.86,246.984
2025-06-04 11:09:42,1943.2,1845.86,246.984
2025-06-04 11:09:47,1943.3,1845.86,246.984
2025-06-04 11:09:53,1943.3,1845.86,246.984
2025-06-04 11:09:58,1943.22,1845.86,246.984
2025-06-04 11:10:03,1943.2,1845.86,246.984
2025-06-04 11:10:08,1943.2,1855.48,246.984
2025-06-04 11:10:14,1943.2,3395.03,246.984
2025-06-04 11:10:19,1943.3,3397.53,246.984
2025-06-04 11:10:24,1943.3,1874.28,246.984
2025-06-04 11:10:29,1943.2,1874.34,246.984
2025-06-04 11:10:34,1943.2,1874.34,246.984
2025-06-04 11:10:40,1943.2,1874.45,246.984
2025-06-04 11:10:45,1943.2,1874.45,246.984
2025-06-04 11:10:50,1943.3,1874.45,246.984
2025-06-04 11:10:55,1943.3,1874.45,246.984
2025-06-04 11:11:00,1943.2,1874.45,246.984
2025-06-04 11:11:06,1943.2,1885.61,246.984
2025-06-04 11:11:11,1943.2,1880.42,246.984
2025-06-04 11:11:16,1943.2,1880.42,246.984
2025-06-04 11:11:21,1943.3,1880.42,246.984
2025-06-04 11:11:27,1943.3,1880.42,246.984
2025-06-04 11:11:32,1943.2,1880.42,246.984
2025-06-04 11:11:37,1943.2,1880.42,246.984
2025-06-04 11:11:42,1943.2,1880.42,246.984
2025-06-04 11:11:47,1943.3,1880.42,246.984
2025-06-04 11:11:53,1943.3,1880.42,246.984
2025-06-04 11:11:58,1943.22,1888.86,246.984
2025-06-04 11:12:03,1943.2,1888.86,246.984
2025-06-04 11:12:08,1943.2,1888.86,246.984
2025-06-04 11:12:13,1943.2,1888.86,246.984
2025-06-04 11:12:19,1943.3,1996.58,246.984
2025-06-04 11:12:24,1943.3,1996.58,246.984
2025-06-04 11:12:29,1943.2,1996.58,246.984
2025-06-04 11:12:34,1943.2,1996.58,246.984
2025-06-04 11:12:40,1943.2,1996.58,246.984
2025-06-04 11:12:45,1943.2,1996.58,246.984
2025-06-04 11:12:50,1943.3,1996.58,246.984
2025-06-04 11:12:55,1943.3,1996.58,246.984
2025-06-04 11:13:00,1943.2,2009.23,246.984
2025-06-04 11:13:06,1943.2,2009.23,246.984
2025-06-04 11:13:11,1943.2,2009.23,246.984
2025-06-04 11:13:16,1943.2,2009.23,246.984
2025-06-04 11:13:21,1943.3,2009.23,246.984
2025-06-04 11:13:26,1943.3,2009.23,246.984
2025-06-04 11:13:32,1943.2,2009.23,246.984
2025-06-04 11:13:37,1943.2,2010.58,246.984
2025-06-04 11:13:42,1943.2,2008.02,246.984
2025-06-04 11:13:47,1943.3,2008.02,246.984
2025-06-04 11:13:53,1943.3,2008.02,246.984
2025-06-04 11:13:58,1943.22,2008.02,246.984
2025-06-04 11:14:03,1943.2,2008.02,246.984
2025-06-04 11:14:08,1943.2,2008.02,246.984
2025-06-04 11:14:14,1943.2,2008.02,246.984
2025-06-04 11:14:19,1943.3,2008.02,246.984
2025-06-04 11:14:24,1943.3,2008.02,246.984
2025-06-04 11:14:29,1943.2,2008.02,246.984
2025-06-04 11:14:34,1943.2,2008.02,246.984
2025-06-04 11:14:40,1943.2,2008.02,246.984
2025-06-04 11:14:45,1943.2,2008.02,246.984
2025-06-04 11:14:50,1943.3,2008.02,246.984
2025-06-04 11:14:55,1943.3,2008.02,246.984
2025-06-04 11:15:01,1943.2,2008.02,246.984
2025-06-04 11:15:06,1943.2,2008.02,246.984
2025-06-04 11:15:11,1943.2,2008.02,246.984
2025-06-04 11:15:16,1943.2,2008.02,246.984
2025-06-04 11:15:21,1943.3,2008.02,246.984
2025-06-04 11:15:27,1943.3,2008.02,246.984
2025-06-04 11:15:32,1943.2,2008.02,246.984
2025-06-04 11:15:37,1943.2,2008.02,246.984
2025-06-04 11:15:42,1943.2,2008.02,246.984
2025-06-04 11:15:48,1943.3,2008.02,246.984
2025-06-04 11:15:53,1943.3,2008.02,246.984
2025-06-04 11:15:58,1943.22,2008.02,246.984
2025-06-04 11:16:03,1943.2,2008.02,246.984
2025-06-04 11:16:08,1943.2,2008.02,246.984
2025-06-04 11:16:14,1943.2,2008.02,246.984
2025-06-04 11:16:19,1943.3,2008.02,246.984
2025-06-04 11:16:24,1943.3,2008.02,246.984
2025-06-04 11:16:29,1943.2,2008.02,246.984
2025-06-04 11:16:35,1943.2,2008.02,246.984
2025-06-04 11:16:40,1943.2,2008.02,246.984
2025-06-04 11:16:45,1943.2,2008.02,246.984
2025-06-04 11:16:50,1943.3,2008.02,246.984
2025-06-04 11:16:55,1943.3,2008.02,246.984
2025-06-04 11:17:01,1943.2,2008.02,246.984
2025-06-04 11:17:06,1943.2,2008.02,246.984
2025-06-04 11:17:11,1943.2,2008.02,246.984
2025-06-04 11:17:16,1943.2,2008.02,246.984
2025-06-04 11:17:22,1943.3,2008.02,246.984
2025-06-04 11:17:27,1943.3,2008.02,246.984
2025-06-04 11:17:32,1943.2,2008.02,246.984
2025-06-04 11:17:37,1943.2,2008.02,246.984
2025-06-04 11:17:42,1943.2,2008.02,246.984
2025-06-04 11:17:48,1943.3,2008.02,246.984
2025-06-04 11:17:53,1943.3,2008.02,246.984
2025-06-04 11:17:58,1943.22,2008.02,247
2025-06-04 11:18:03,1943.2,2008.02,247
2025-06-04 11:18:09,1943.2,2008.02,247
2025-06-04 11:18:14,1943.2,2008.02,247
2025-06-04 11:18:19,1943.3,2008.02,247
2025-06-04 11:18:24,1943.3,2008.02,247
2025-06-04 11:18:29,1943.2,2008.02,247
2025-06-04 11:18:35,1943.2,2008.02,247
2025-06-04 11:18:40,1943.2,2008.02,247
2025-06-04 11:18:45,1943.2,2008.02,247
2025-06-04 11:18:50,1943.3,2008.02,247
2025-06-04 11:18:56,1943.3,2008.02,247
2025-06-04 11:19:01,1943.2,2008.02,247
2025-06-04 11:19:06,1943.2,2008.02,247
2025-06-04 11:19:11,1943.2,2008.02,247
2025-06-04 11:19:16,1943.2,2008.02,247
2025-06-04 11:19:22,1943.3,2008.02,247
2025-06-04 11:19:27,1943.3,2008.02,247
2025-06-04 11:19:32,1943.2,2008.02,81.6406
2025-06-04 11:19:37,1943.2,2008.02,247
2025-06-04 11:19:42,1943.2,2008.02,247
2025-06-04 11:19:48,1943.3,2008.02,247
2025-06-04 11:19:53,1943.3,2008.02,247
2025-06-04 11:19:58,1943.22,2008.02,247
2025-06-04 11:20:03,1943.2,2008.02,247
2025-06-04 11:20:09,1943.2,2008.02,247
2025-06-04 11:20:14,1943.2,2008.02,247
2025-06-04 11:20:19,1943.3,2008.02,247
2025-06-04 11:20:24,1943.3,2008.02,247
2025-06-04 11:20:29,1943.2,2008.02,247
2025-06-04 11:20:35,1943.2,2008.02,247
2025-06-04 11:20:40,1943.2,2008.02,247
2025-06-04 11:20:45,1943.2,2008.02,247
2025-06-04 11:20:50,1943.3,2008.02,247
2025-06-04 11:20:55,1943.3,2008.02,247
2025-06-04 11:21:01,1943.2,2008.02,247
2025-06-04 11:21:06,1943.2,2008.02,247
2025-06-04 11:21:11,1943.2,2008.02,247
2025-06-04 11:21:16,1943.2,2008.02,247
2025-06-04 11:21:22,1943.3,2008.02,247
2025-06-04 11:21:27,1943.3,2008.02,247
2025-06-04 11:21:32,1943.2,2008.02,247
2025-06-04 11:21:37,1943.2,2008.02,247
2025-06-04 11:21:42,1943.2,2008.02,247
2025-06-04 11:21:48,1943.3,2008.02,247
2025-06-04 11:21:53,1943.3,2008.02,247
2025-06-04 11:21:58,1943.22,2008.02,247
2025-06-04 11:22:03,1943.2,2008.02,247
2025-06-04 11:22:09,1943.2,2008.02,247
2025-06-04 11:22:14,1943.2,2008.02,247
2025-06-04 11:22:19,1943.3,2008.02,247
2025-06-04 11:22:24,1943.3,2008.02,247
2025-06-04 11:22:30,1943.2,2008.02,247
2025-06-04 11:22:35,1943.2,2008.02,247
2025-06-04 11:22:40,1943.2,2008.02,247
2025-06-04 11:22:45,1943.2,2008.02,247
2025-06-04 11:22:50,1943.3,2008.02,247
2025-06-04 11:22:56,1943.3,2008.02,247
2025-06-04 11:23:01,1943.2,2008.02,247
2025-06-04 11:23:06,1943.2,2008.02,247
2025-06-04 11:23:11,1943.2,2008.02,247
2025-06-04 11:23:16,1943.2,2008.02,247
2025-06-04 11:23:22,1943.3,2008.02,247
2025-06-04 11:23:27,1943.3,2008.02,247
2025-06-04 11:23:32,1943.2,2008.02,247
2025-06-04 11:23:37,1943.2,2008.02,247
2025-06-04 11:23:43,1943.2,2008.02,247
2025-06-04 11:23:48,1943.3,2008.02,247
2025-06-04 11:23:53,1943.3,2008.02,247
2025-06-04 11:23:58,1943.22,2008.02,247
2025-06-04 11:24:03,1943.2,2008.02,247
2025-06-04 11:24:09,1943.2,2008.02,247
2025-06-04 11:24:14,1943.2,2008.02,247
2025-06-04 11:24:19,1943.3,2008.02,247
2025-06-04 11:24:24,1943.3,2008.02,247
2025-06-04 11:24:30,1943.2,2008.02,247
2025-06-04 11:24:35,1943.2,2008.02,247
2025-06-04 11:24:40,1943.2,2008.02,247
2025-06-04 11:24:45,1943.2,2008.02,247
2025-06-04 11:24:50,1943.3,2008.02,247
2025-06-04 11:24:56,1943.3,2008.02,247
2025-06-04 11:25:01,1943.2,2008.02,247
2025-06-04 11:25:06,1943.2,2008.02,247
2025-06-04 11:25:11,1943.2,2008.02,247
2025-06-04 11:25:16,1943.2,2008.02,247
2025-06-04 11:25:22,1943.3,2008.02,247
2025-06-04 11:25:27,1943.3,2008.02,247
2025-06-04 11:25:32,1943.2,2008.02,247
2025-06-04 11:25:37,1943.2,2008.02,247
2025-06-04 11:25:43,1943.2,2008.02,247
2025-06-04 11:25:48,1943.3,2008.02,247
2025-06-04 11:25:53,1943.3,2008.02,247
2025-06-04 11:25:58,1943.22,2008.02,247
2025-06-04 11:26:03,1943.2,2008.02,247
2025-06-04 11:26:09,1943.2,2008.02,247
2025-06-04 11:26:14,1943.2,2008.02,247
2025-06-04 11:26:19,1943.3,2008.02,247
2025-06-04 11:26:24,1943.3,2008.02,247
2025-06-04 11:26:30,1943.2,2008.02,247
2025-06-04 11:26:35,1943.2,2008.02,247
2025-06-04 11:26:40,1943.2,2008.02,247
2025-06-04 11:26:45,1943.2,2008.02,247
2025-06-04 11:26:50,1943.3,2008.02,247
2025-06-04 11:26:56,1943.3,2008.02,247
2025-06-04 11:27:01,1943.2,2008.02,247
2025-06-04 11:27:06,1943.2,2008.02,247
2025-06-04 11:27:11,1943.2,2008.02,247
2025-06-04 11:27:16,1943.2,2008.02,247
2025-06-04 11:27:22,1943.3,2008.02,247
2025-06-04 11:27:27,1943.3,2008.02,247
2025-06-04 11:27:32,1943.2,2008.02,247
2025-06-04 11:27:37,1943.2,2008.02,247
2025-06-04 11:27:42,1943.2,2008.02,247
2025-06-04 11:27:48,1943.3,2008.02,247
2025-06-04 11:27:53,1943.3,2008.02,247
2025-06-04 11:27:58,1943.22,2009.41,247
2025-06-04 11:28:03,1943.2,2009.41,247
2025-06-04 11:28:09,1943.2,2009.41,247
2025-06-04 11:28:14,1943.2,2009.41,247
2025-06-04 11:28:19,1943.3,2009.41,247
2025-06-04 11:28:24,1943.3,2009.41,247
2025-06-04 11:28:29,1943.2,2009.41,247
2025-06-04 11:28:35,1943.2,2009.41,247
2025-06-04 11:28:40,1943.2,2009.41,247
2025-06-04 11:28:45,1943.2,2009.41,247
2025-06-04 11:28:50,1943.3,2009.41,247
2025-06-04 11:28:56,1943.3,2009.41,247
2025-06-04 11:29:01,1943.2,2009.41,247
2025-06-04 11:29:06,1943.2,2009.41,247
2025-06-04 11:29:11,1943.2,2009.41,247
2025-06-04 11:29:16,1943.2,2009.41,247
2025-06-04 11:29:22,1943.3,2009.41,247
2025-06-04 11:29:27,1943.3,2009.41,247
2025-06-04 11:29:32,1943.2,2009.41,247
2025-06-04 11:29:37,1943.2,2009.41,247
2025-06-04 11:29:42,1943.2,2009.41,247
2025-06-04 11:29:48,1943.3,2009.41,247
2025-06-04 11:29:53,1943.3,2009.41,247
2025-06-04 11:29:58,1943.22,2009.41,247
2025-06-04 11:30:03,1943.2,2009.41,247
2025-06-04 11:30:09,1943.2,2009.41,247
2025-06-04 11:30:14,1943.2,2009.41,247
2025-06-04 11:30:19,1943.3,2009.41,247
2025-06-04 11:30:24,1943.3,2009.41,247
2025-06-04 11:30:29,1943.2,2009.41,247
2025-06-04 11:30:35,1943.2,2009.41,247
2025-06-04 11:30:40,1943.2,2009.41,247
2025-06-04 11:30:45,1943.2,2009.41,247
2025-06-04 11:30:50,1943.3,2009.41,247
2025-06-04 11:30:56,1943.3,2009.41,247
2025-06-04 11:31:01,1943.2,2009.41,247
2025-06-04 11:31:06,1943.2,2009.41,247
2025-06-04 11:31:11,1943.2,2009.41,247
2025-06-04 11:31:16,1943.2,2009.41,247
2025-06-04 11:31:22,1943.3,2009.41,247
2025-06-04 11:31:27,1943.3,2009.41,247
2025-06-04 11:31:32,1943.2,2009.41,247
2025-06-04 11:31:37,1943.2,2009.41,247
2025-06-04 11:31:42,1943.2,2009.41,247
2025-06-04 11:31:48,1943.3,2009.41,247
2025-06-04 11:31:53,1943.3,2009.41,247
2025-06-04 11:31:58,1943.22,2009.41,247
2025-06-04 11:32:03,1943.2,2009.41,247
2025-06-04 11:32:09,1943.2,2009.41,247
2025-06-04 11:32:14,1943.2,2009.41,247
2025-06-04 11:32:19,1943.3,2009.41,247
2025-06-04 11:32:24,1943.3,2009.41,247
2025-06-04 11:32:29,1943.2,2009.44,247
2025-06-04 11:32:35,1943.2,2009.44,247
2025-06-04 11:32:40,1943.2,2009.44,247
2025-06-04 11:32:45,1943.2,2009.44,247
2025-06-04 11:32:50,1943.3,2009.44,247
2025-06-04 11:32:56,1943.3,2009.44,247
2025-06-04 11:33:01,1943.2,2009.44,247
2025-06-04 11:33:06,1943.2,2009.44,247
2025-06-04 11:33:11,1943.2,2009.44,247
2025-06-04 11:33:16,1943.2,2009.44,247
2025-06-04 11:33:22,1943.3,2009.44,247
2025-06-04 11:33:27,1943.3,2009.44,247
2025-06-04 11:33:32,1943.2,2009.44,247
2025-06-04 11:33:37,1943.2,2009.44,247
2025-06-04 11:33:42,1943.2,2009.44,247
2025-06-04 11:33:48,1943.3,2009.44,247
2025-06-04 11:33:53,1943.3,2009.44,247
2025-06-04 11:33:58,1943.22,2009.44,247
2025-06-04 11:34:03,1943.2,2009.44,247
2025-06-04 11:34:09,1943.2,2009.44,247
2025-06-04 11:34:14,1943.2,2009.44,247
2025-06-04 11:34:19,1943.3,2009.44,247
2025-06-04 11:34:24,1943.3,2009.44,247
2025-06-04 11:34:29,1943.2,2009.44,247
2025-06-04 11:34:35,1943.2,2009.44,247
2025-06-04 11:34:40,1943.2,2009.44,247
2025-06-04 11:34:45,1943.2,2009.44,247
2025-06-04 11:34:50,1943.3,2009.44,247
2025-06-04 11:34:55,1943.3,2009.44,247
2025-06-04 11:35:01,1943.2,2009.44,247
2025-06-04 11:35:06,1943.2,2009.44,247
2025-06-04 11:35:11,1943.2,2009.44,247
2025-06-04 11:35:16,1943.2,2009.44,247
2025-06-04 11:35:22,1943.3,2009.44,247
2025-06-04 11:35:27,1943.3,2009.44,247
2025-06-04 11:35:32,1943.2,2009.44,247
2025-06-04 11:35:37,1943.2,2009.44,247
2025-06-04 11:35:42,1943.2,2009.44,247
2025-06-04 11:35:48,1943.3,2009.44,247
2025-06-04 11:35:53,1943.3,2009.44,247
2025-06-04 11:35:58,1943.22,2009.44,247
2025-06-04 11:36:03,1943.2,2009.44,247
2025-06-04 11:36:08,1943.2,2009.44,247
2025-06-04 11:36:14,1943.2,2009.44,247
2025-06-04 11:36:19,1943.3,2009.44,247
2025-06-04 11:36:24,1943.3,2011.84,247
2025-06-04 11:36:29,1943.2,2001.45,247
2025-06-04 11:36:34,1943.2,2001.45,247
2025-06-04 11:36:40,1943.2,2001.45,247
2025-06-04 11:36:45,1943.2,2001.45,247
2025-06-04 11:36:50,1943.3,2001.98,247
2025-06-04 11:36:55,1943.3,2020.31,247
2025-06-04 11:37:00,1943.2,2020.31,247
2025-06-04 11:37:06,1943.2,2020.31,247
2025-06-04 11:37:11,1943.2,2020.31,247
2025-06-04 11:37:16,1943.2,2020.31,247
2025-06-04 11:37:21,1943.3,2020.31,247
2025-06-04 11:37:27,1943.3,2020.31,247
2025-06-04 11:37:32,1943.2,2020.31,247
